incident_id,date_key,timestamp,service_id,service_tier,severity,archetype,baseline_mttr_minutes,actual_mttr_minutes,mttr_reduction_minutes,hourly_downtime_rate,baseline_downtime_cost,actual_downtime_cost,downtime_savings_gross,engineering_hours_saved,engineering_cost_saved,total_gross_value_delivered,realized_net_savings,is_false_positive,status,grounding_score
INC-2026-001,20260116,2026-01-16T22:00:00,checkout-service,application,CRITICAL,payment_gateway_latency_spike,90.0,21.0,69.0,180000.0,270000.0,63000.0,207000.0,3.45,327.75,207327.75,51831.94,False,RESOLVED,0.99
INC-2026-002,20260416,2026-04-16T22:00:00,aurora-postgres-primary,database,CRITICAL,db_connection_pool_leak,90.0,24.0,66.0,180000.0,270000.0,72000.0,198000.0,3.3,313.5,198313.5,49578.38,False,RESOLVED,0.99
INC-2026-003,20260715,2026-07-15T22:00:00,kubernetes-cluster-core,application,CRITICAL,memory_leak_oom,90.0,22.0,68.0,180000.0,270000.0,66000.0,204000.0,3.4,323.0,204323.0,51080.75,False,RESOLVED,0.99
INC-2026-004,20261013,2026-10-13T22:00:00,order-processing,application,CRITICAL,cpu_saturation,90.0,21.0,69.0,180000.0,270000.0,63000.0,207000.0,3.45,327.75,207327.75,51831.94,False,RESOLVED,0.99
INC-2026-010,20260106,2026-01-06T18:00:00,redis-session-store,database,HIGH,memory_leak_oom,90.0,23.0,67.0,120000.0,180000.0,46000.0,134000.0,3.35,318.25,134318.25,33579.56,False,RESOLVED,0.97
INC-2026-011,20260203,2026-02-03T18:00:00,order-processing,application,HIGH,cpu_saturation,90.0,22.0,68.0,120000.0,180000.0,44000.0,136000.0,3.4,323.0,136323.0,34080.75,False,RESOLVED,0.97
INC-2026-012,20260303,2026-03-03T18:00:00,aurora-postgres-primary,database,HIGH,db_connection_pool_leak,90.0,25.0,65.0,120000.0,180000.0,50000.0,130000.0,3.25,308.75,130308.75,32577.19,False,RESOLVED,0.97
INC-2026-013,20260331,2026-03-31T18:00:00,order-processing,application,HIGH,network_partition,90.0,20.0,70.0,120000.0,180000.0,40000.0,140000.0,3.5,332.5,140332.5,35083.12,False,RESOLVED,0.97
INC-2026-014,20260428,2026-04-28T18:00:00,redis-session-store,database,HIGH,memory_leak_oom,90.0,23.0,67.0,120000.0,180000.0,46000.0,134000.0,3.35,318.25,134318.25,33579.56,False,RESOLVED,0.97
INC-2026-015,20260526,2026-05-26T18:00:00,order-processing,application,HIGH,cpu_saturation,90.0,22.0,68.0,120000.0,180000.0,44000.0,136000.0,3.4,323.0,136323.0,34080.75,False,RESOLVED,0.97
INC-2026-016,20260623,2026-06-23T18:00:00,aurora-postgres-primary,database,HIGH,db_connection_pool_leak,90.0,25.0,65.0,120000.0,180000.0,50000.0,130000.0,3.25,308.75,130308.75,32577.19,False,RESOLVED,0.97
INC-2026-017,20260721,2026-07-21T18:00:00,order-processing,application,HIGH,network_partition,90.0,20.0,70.0,120000.0,180000.0,40000.0,140000.0,3.5,332.5,140332.5,35083.12,False,RESOLVED,0.97
INC-2026-018,20260818,2026-08-18T18:00:00,redis-session-store,database,HIGH,memory_leak_oom,90.0,23.0,67.0,120000.0,180000.0,46000.0,134000.0,3.35,318.25,134318.25,33579.56,False,RESOLVED,0.97
INC-2026-019,20260915,2026-09-15T18:00:00,order-processing,application,HIGH,cpu_saturation,90.0,22.0,68.0,120000.0,180000.0,44000.0,136000.0,3.4,323.0,136323.0,34080.75,False,RESOLVED,0.97
INC-2026-020,20261013,2026-10-13T18:00:00,aurora-postgres-primary,database,HIGH,db_connection_pool_leak,90.0,25.0,65.0,120000.0,180000.0,50000.0,130000.0,3.25,308.75,130308.75,32577.19,False,RESOLVED,0.97
INC-2026-021,20261110,2026-11-10T18:00:00,order-processing,application,HIGH,network_partition,90.0,20.0,70.0,120000.0,180000.0,40000.0,140000.0,3.5,332.5,140332.5,35083.12,False,RESOLVED,0.97
INC-2026-030,20260103,2026-01-03T11:00:00,checkout-service,application,MEDIUM,disk_io_throttling,90.0,22.0,68.0,25000.0,37500.0,9166.67,28333.33,3.4,323.0,28656.33,7164.08,False,RESOLVED,0.96
INC-2026-031,20260114,2026-01-14T11:00:00,kubernetes-cluster-core,application,MEDIUM,disk_io_throttling,90.0,22.0,68.0,25000.0,37500.0,9166.67,28333.33,3.4,323.0,28656.33,7164.08,False,RESOLVED,0.96
INC-2026-032,20260125,2026-01-25T11:00:00,checkout-service,application,MEDIUM,disk_io_throttling,90.0,22.0,68.0,25000.0,37500.0,9166.67,28333.33,3.4,323.0,28656.33,7164.08,False,RESOLVED,0.96
INC-2026-033,20260205,2026-02-05T11:00:00,kubernetes-cluster-core,application,MEDIUM,disk_io_throttling,90.0,22.0,68.0,25000.0,37500.0,9166.67,28333.33,3.4,323.0,28656.33,7164.08,False,RESOLVED,0.96
INC-2026-034,20260216,2026-02-16T11:00:00,checkout-service,application,MEDIUM,disk_io_throttling,90.0,22.0,68.0,25000.0,37500.0,9166.67,28333.33,3.4,323.0,28656.33,7164.08,False,RESOLVED,0.96
INC-2026-035,20260227,2026-02-27T11:00:00,kubernetes-cluster-core,application,MEDIUM,disk_io_throttling,90.0,22.0,68.0,25000.0,37500.0,9166.67,28333.33,3.4,323.0,28656.33,7164.08,False,RESOLVED,0.96
INC-2026-036,20260310,2026-03-10T11:00:00,checkout-service,application,MEDIUM,disk_io_throttling,90.0,22.0,68.0,25000.0,37500.0,9166.67,28333.33,3.4,323.0,28656.33,7164.08,False,RESOLVED,0.96
INC-2026-037,20260321,2026-03-21T11:00:00,kubernetes-cluster-core,application,MEDIUM,unclassified_anomaly,90.0,5.0,0.0,25000.0,37500.0,0.0,37500.0,0.0,0.0,37500.0,9375.0,True,RESOLVED,0.96
INC-2026-038,20260401,2026-04-01T11:00:00,checkout-service,application,MEDIUM,disk_io_throttling,90.0,22.0,68.0,25000.0,37500.0,9166.67,28333.33,3.4,323.0,28656.33,7164.08,False,RESOLVED,0.96
INC-2026-039,20260412,2026-04-12T11:00:00,kubernetes-cluster-core,application,MEDIUM,disk_io_throttling,90.0,22.0,68.0,25000.0,37500.0,9166.67,28333.33,3.4,323.0,28656.33,7164.08,False,RESOLVED,0.96
INC-2026-040,20260423,2026-04-23T11:00:00,checkout-service,application,MEDIUM,disk_io_throttling,90.0,22.0,68.0,25000.0,37500.0,9166.67,28333.33,3.4,323.0,28656.33,7164.08,False,RESOLVED,0.96
INC-2026-041,20260504,2026-05-04T11:00:00,kubernetes-cluster-core,application,MEDIUM,disk_io_throttling,90.0,22.0,68.0,25000.0,37500.0,9166.67,28333.33,3.4,323.0,28656.33,7164.08,False,RESOLVED,0.96
INC-2026-042,20260515,2026-05-15T11:00:00,checkout-service,application,MEDIUM,disk_io_throttling,90.0,22.0,68.0,25000.0,37500.0,9166.67,28333.33,3.4,323.0,28656.33,7164.08,False,RESOLVED,0.96
INC-2026-043,20260526,2026-05-26T11:00:00,kubernetes-cluster-core,application,MEDIUM,disk_io_throttling,90.0,22.0,68.0,25000.0,37500.0,9166.67,28333.33,3.4,323.0,28656.33,7164.08,False,RESOLVED,0.96
INC-2026-044,20260606,2026-06-06T11:00:00,checkout-service,application,MEDIUM,disk_io_throttling,90.0,22.0,68.0,25000.0,37500.0,9166.67,28333.33,3.4,323.0,28656.33,7164.08,False,RESOLVED,0.96
INC-2026-045,20260617,2026-06-17T11:00:00,kubernetes-cluster-core,application,MEDIUM,disk_io_throttling,90.0,22.0,68.0,25000.0,37500.0,9166.67,28333.33,3.4,323.0,28656.33,7164.08,False,RESOLVED,0.96
INC-2026-046,20260628,2026-06-28T11:00:00,checkout-service,application,MEDIUM,disk_io_throttling,90.0,22.0,68.0,25000.0,37500.0,9166.67,28333.33,3.4,323.0,28656.33,7164.08,False,RESOLVED,0.96
INC-2026-047,20260709,2026-07-09T11:00:00,kubernetes-cluster-core,application,MEDIUM,disk_io_throttling,90.0,22.0,68.0,25000.0,37500.0,9166.67,28333.33,3.4,323.0,28656.33,7164.08,False,RESOLVED,0.96
INC-2026-048,20260720,2026-07-20T11:00:00,checkout-service,application,MEDIUM,disk_io_throttling,90.0,22.0,68.0,25000.0,37500.0,9166.67,28333.33,3.4,323.0,28656.33,7164.08,False,RESOLVED,0.96
INC-2026-049,20260731,2026-07-31T11:00:00,kubernetes-cluster-core,application,MEDIUM,disk_io_throttling,90.0,22.0,68.0,25000.0,37500.0,9166.67,28333.33,3.4,323.0,28656.33,7164.08,False,RESOLVED,0.96
INC-2026-050,20260811,2026-08-11T11:00:00,checkout-service,application,MEDIUM,disk_io_throttling,90.0,22.0,68.0,25000.0,37500.0,9166.67,28333.33,3.4,323.0,28656.33,7164.08,False,RESOLVED,0.96
INC-2026-051,20260822,2026-08-22T11:00:00,kubernetes-cluster-core,application,MEDIUM,unclassified_anomaly,90.0,5.0,0.0,25000.0,37500.0,0.0,37500.0,0.0,0.0,37500.0,9375.0,True,RESOLVED,0.96
INC-2026-052,20260902,2026-09-02T11:00:00,checkout-service,application,MEDIUM,disk_io_throttling,90.0,22.0,68.0,25000.0,37500.0,9166.67,28333.33,3.4,323.0,28656.33,7164.08,False,RESOLVED,0.96
INC-2026-053,20260913,2026-09-13T11:00:00,kubernetes-cluster-core,application,MEDIUM,disk_io_throttling,90.0,22.0,68.0,25000.0,37500.0,9166.67,28333.33,3.4,323.0,28656.33,7164.08,False,RESOLVED,0.96
INC-2026-054,20260924,2026-09-24T11:00:00,checkout-service,application,MEDIUM,disk_io_throttling,90.0,22.0,68.0,25000.0,37500.0,9166.67,28333.33,3.4,323.0,28656.33,7164.08,False,RESOLVED,0.96
INC-2026-055,20261005,2026-10-05T11:00:00,kubernetes-cluster-core,application,MEDIUM,disk_io_throttling,90.0,22.0,68.0,25000.0,37500.0,9166.67,28333.33,3.4,323.0,28656.33,7164.08,False,RESOLVED,0.96
INC-2026-056,20261016,2026-10-16T11:00:00,checkout-service,application,MEDIUM,disk_io_throttling,90.0,22.0,68.0,25000.0,37500.0,9166.67,28333.33,3.4,323.0,28656.33,7164.08,False,RESOLVED,0.96
INC-2026-057,20261027,2026-10-27T11:00:00,kubernetes-cluster-core,application,MEDIUM,disk_io_throttling,90.0,22.0,68.0,25000.0,37500.0,9166.67,28333.33,3.4,323.0,28656.33,7164.08,False,RESOLVED,0.96
INC-2026-058,20261107,2026-11-07T11:00:00,checkout-service,application,MEDIUM,disk_io_throttling,90.0,22.0,68.0,25000.0,37500.0,9166.67,28333.33,3.4,323.0,28656.33,7164.08,False,RESOLVED,0.96
INC-2026-059,20261118,2026-11-18T11:00:00,kubernetes-cluster-core,application,MEDIUM,disk_io_throttling,90.0,22.0,68.0,25000.0,37500.0,9166.67,28333.33,3.4,323.0,28656.33,7164.08,False,RESOLVED,0.96
INC-2026-060,20261129,2026-11-29T11:00:00,checkout-service,application,MEDIUM,disk_io_throttling,90.0,22.0,68.0,25000.0,37500.0,9166.67,28333.33,3.4,323.0,28656.33,7164.08,False,RESOLVED,0.96
INC-2026-061,20261210,2026-12-10T11:00:00,kubernetes-cluster-core,application,MEDIUM,disk_io_throttling,90.0,22.0,68.0,25000.0,37500.0,9166.67,28333.33,3.4,323.0,28656.33,7164.08,False,RESOLVED,0.96
